ID,UID,Password,First_name,Last_name,Username,Email,Avatar,Gender,Phone_number,Social_insurance_number,Data_of_birth,Title,Key_skill,City,Street_name,Street_address,Zip_code,State,Country,Lat,Lng,Plan,Status,Payment_method,Term
8713,0,GV8BAW6SzM,Mitchell,Ruecker,mitchell.ruecker,mitchell.ruecker@email.com,https://robohash.org/veritatisquitenetur.png?size=300x300&set=set1,Male,+60 633-653-1449 x51541,321821837,,Senior Architect,Proactive,Wintheiserhaven,Moore Stream,7916 Ward Springs,34629,Connecticut,United States,3.042310458580394E+01,-1.486368943441807E+02,Premium,Blocked,Visa checkout,Annual
1729,0,QGipzurHgl,Oscar,Langosh,oscar.langosh,oscar.langosh@email.com,https://robohash.org/etvitaequo.png?size=300x300&set=set1,Female,+239 (469) 349-0798 x695,475679262,,Future Legal Specialist,Teamwork,Willyborough,Trantow Rest,3678 Gerlach Knolls,16840,Maryland,United States,-7.222769780659561E+00,-2.5876110174654826E+01,Diamond,Idle,Alipay,Monthly
5425,0,wlTAJBpUKS,Nobuko,Stanton,nobuko.stanton,nobuko.stanton@email.com,https://robohash.org/doloresveroipsam.png?size=300x300&set=set1,Female,+86 105-782-7166 x26315,698461746,,Senior Hospitality Orchestrator,Leadership,Port Cyrus,Osinski Radial,5094 Aufderhar Well,62103-5926,Utah,United States,2.603050660990249E+00,-4.467307363692095E+01,Business,Idle,Google Pay,Payment in advance
6884,0,4sA9CvFEKW,Sharmaine,Ferry,sharmaine.ferry,sharmaine.ferry@email.com,https://robohash.org/necessitatibusetest.png?size=300x300&set=set1,Male,+240 1-548-484-3184 x55014,561270927,,National Technician,Problem solving,Andersonstad,Agnus Islands,194 Schuster Stravenue,00372-9310,New Jersey,United States,3.910213485263861E+01,-9.937005054382212E+00,Basic,Active,Debit card,Full subscription
8074,0,dI8xcq9siH,Antonetta,Jacobi,antonetta.jacobi,antonetta.jacobi@email.com,https://robohash.org/ipsumrerumnam.png?size=300x300&set=set1,Female,+48 1-646-982-7674 x32301,467911798,,IT Orchestrator,Technical savvy,Port Luigi,Dooley Wells,117 Deane Throughway,01982-4441,Louisiana,United States,3.881655198965345E+01,5.881415012793184E+00,Gold,Idle,Cheque,Monthly
7926,0,InMbfE7sXe,Arron,Prosacco,arron.prosacco,arron.prosacco@email.com,https://robohash.org/delectusautplaceat.png?size=300x300&set=set1,Male,+375 145.829.6959 x0840,192100410,,District Legal Agent,Self-motivated,South Edithstad,Jeffrey Union,558 Ardella Bypass,75722,Arkansas,United States,2.7993679247833995E+01,-9.608258902125388E+01,Premium,Blocked,WeChat Pay,Full subscription
4789,0,pdYqAD2Sxg,Mohammad,Franecki,mohammad.franecki,mohammad.franecki@email.com,https://robohash.org/voluptasrepellendusquo.png?size=300x300&set=set1,Male,+249 391-689-8641 x5061,412722001,,Direct Administration Developer,Fast learner,Beierville,Dare Mountain,1582 Herman Pike,74081-9158,Mississippi,United States,-7.962629555992038E+01,-1.7499961991750243E+02,Platinum,Idle,Cheque,Full subscription
7545,0,Ju5wG7Nd9t,Arnetta,Mayer,arnetta.mayer,arnetta.mayer@email.com,https://robohash.org/eumquiperspiciatis.png?size=300x300&set=set1,Female,+1-473 (550) 155-4228 x00033,456373703,,Legacy Consulting Designer,Technical savvy,Gottliebstad,Lyman Ridge,18738 Raynor Center,70831-6834,Iowa,United States,2.3348820854272105E+00,1.0315450465421407E+02,Premium,Pending,Apple Pay,Monthly
5608,0,tpNOkcrY2G,Dwain,Cole,dwain.cole,dwain.cole@email.com,https://robohash.org/explicaboquidolor.png?size=300x300&set=set1,Female,+62 421-557-3979 x462,254458151,,Legal Developer,Proactive,Bernardland,Sporer River,759 Natalya Bridge,44295,Maine,United States,6.934865860713913E+00,-6.224158301118676E+01,Silver,Active,Credit card,Annual
3336,0,i9HDxjtTVc,Avery,Sanford,avery.sanford,avery.sanford@email.com,https://robohash.org/dolorinventorequis.png?size=300x300&set=set1,Female,+30 408-686-8551 x71817,974317422,,Technology Representative,Technical savvy,East Alvin,Alvaro Gateway,16352 Robel Underpass,20587-2022,Michigan,United States,4.515176964627912E+00,1.703270204798613E+02,Standard,Pending,Apple Pay,Monthly
4430,0,VHBSlwk4Ap,Johnathon,Altenwerth,johnathon.altenwerth,johnathon.altenwerth@email.com,https://robohash.org/voluptasanimiea.png?size=300x300&set=set1,Male,+767 460-811-2063 x284,226518504,,Forward Sales Designer,Fast learner,Krajciktown,Breitenberg Turnpike,80927 Dorathy Ranch,73294-0359,Connecticut,United States,-1.0744758637263729E+01,-6.69083991044701E+01,Diamond,Active,Cheque,Full subscription
8644,0,WKCyw0uFsM,Orville,Grady,orville.grady,orville.grady@email.com,https://robohash.org/omnisconsectetureius.png?size=300x300&set=set1,Female,+370 (483) 579-3693 x3582,678615816,,Sales Director,Self-motivated,Lake Rockyborough,Karol Throughway,51199 Sipes Crossroad,17789,Alaska,United States,5.889997184577592E+01,-1.535688754663932E+02,Diamond,Active,Google Pay,Full subscription
2858,0,RzYt3VMSj7,Dusty,Wolff,dusty.wolff,dusty.wolff@email.com,https://robohash.org/laboriosamducimussed.png?size=300x300&set=set1,Male,+358 792.508.3661 x62604,671292134,,Central Retail Coordinator,Organisation,Port Laureneborough,Johnson Plains,1585 Shields Forks,23108,California,United States,8.063687421603368E+01,5.663765361832961E+01,Student,Active,WeChat Pay,Monthly
7722,0,kfZe5rzGRA,Albert,Hodkiewicz,albert.hodkiewicz,albert.hodkiewicz@email.com,https://robohash.org/quiundeminus.png?size=300x300&set=set1,Female,+381 283.190.5962 x41882,696848993,,Farming Strategist,Proactive,Cinderellafurt,Reilly Run,8755 Emerita Trace,68379,Louisiana,United States,-3.5489746992698116E+01,2.626728135642003E+01,Professional,Pending,Alipay,Annual
9099,0,QlmGgU6ErA,Shakia,Quitzon,shakia.quitzon,shakia.quitzon@email.com,https://robohash.org/omnisautqui.png?size=300x300&set=set1,Female,+690 (290) 233-3535 x53009,291119394,,Regional Administrator,Communication,Wilheminamouth,Gibson Tunnel,18805 Wilkinson Overpass,29026-5447,Vermont,United States,-2.4641433644027018E+01,-9.897302072868968E+01,Platinum,Pending,Credit card,Monthly
3039,0,ogxsOCn3KX,Cindy,Ondricka,cindy.ondricka,cindy.ondricka@email.com,https://robohash.org/aliquaminvoluptatem.png?size=300x300&set=set1,Female,+381 1-310-713-2559 x9908,663648426,,Advertising Coordinator,Teamwork,Lake Vern,Schulist Forks,33196 Rempel Bridge,96696-3045,Missouri,United States,1.917216754713823E+01,-1.481910252392036E+02,Standard,Idle,Paypal,Annual
6943,0,QzMjENUdxL,Salvatore,Strosin,salvatore.strosin,salvatore.strosin@email.com,https://robohash.org/autemidsimilique.png?size=300x300&set=set1,Male,+350 199.594.4363 x358,523730422,,Senior Design Administrator,Leadership,Hegmannstad,Rohan Mount,94707 Erick Pass,21008-5244,Illinois,United States,5.5908850505203276E+01,-4.6425780111304164E+01,Silver,Idle,Google Pay,Annual
6222,0,jIesS7uTc9,Dong,Feest,dong.feest,dong.feest@email.com,https://robohash.org/temporedoloremdebitis.png?size=300x300&set=set1,Female,+1-939 (605) 622-9880 x7629,102702552,,National Consulting Coordinator,Teamwork,Jamisonborough,Watsica Shoals,5650 Smitham Ramp,52610,Delaware,United States,-7.373804574903647E+01,-1.1473820441568449E+02,Standard,Idle,Google Pay,Full subscription
6579,0,kKrY3yaLHT,Emanuel,Mills,emanuel.mills,emanuel.mills@email.com,https://robohash.org/utomnisaut.png?size=300x300&set=set1,Female,+683 (160) 695-9852 x55414,653449603,,Education Consultant,Fast learner,West Sammyburgh,Cassin Bridge,860 Corkery Mall,27298,New Hampshire,United States,6.983220499172518E-01,1.730554981800368E+02,Premium,Active,Paypal,Monthly
6241,0,dZ2st4FOVl,Simone,Abshire,simone.abshire,simone.abshire@email.com,https://robohash.org/debitisculpavoluptatem.png?size=300x300&set=set1,Female,+960 1-846-123-5935 x999,609366190,,Investor Accounting Administrator,Leadership,Christoperview,Elana Crossroad,78984 Kihn Crossroad,01385-1608,Virginia,United States,8.25525847121313E+01,7.161013903882645E+01,Essential,Blocked,Bitcoins,Payment in advance
964,0,7cx0CrkXfe,Margart,Mann,margart.mann,margart.mann@email.com,https://robohash.org/nostrumatoccaecati.png?size=300x300&set=set1,Male,+1-868 228-001-8531 x7781,344698964,,International Consulting Associate,Communication,South Leslieburgh,Rempel Knoll,17751 Wilderman Pine,68495,Washington,United States,1.5487720047015685E+01,-1.0599435394875893E+02,Free Trial,Idle,Alipay,Full su2179,0,UnMzf9DXO1,Reginald,Bernier,reginald.bernier,reginald.bernier@email.com,https://robohash.org/consequaturquasiquae.png?size=300x300&set=set1,Female,+596 553-108-4673 x1635,603689274,,Product IT Manager,Communication,Port Lakeshia,Nader Extension,39607 Tawana Hill,03120,Maine,United States,9.230496981126407E+00,1.5429188624741278E+02,Platinum,Idle,Google Pay,Payment in advance
4731,0,lC1bh8nQSH,Christopher,Hamill,christopher.hamill,christopher.hamill@email.com,https://robohash.org/sintetlabore.png?size=300x300&set=set1,Male,+43 1-774-145-6921,905702460,,Future Marketing Technician,Confidence,Yolandaborough,Tien Views,9443 Veum Circles,82409-2151,West Virginia,United States,7.463832245845384E+01,-1.1359717325818191E+02,Starter,Pending,Credit card,Annual
5543,0,5Y3wN8u2HL,Marielle,Quitzon,marielle.quitzon,marielle.quitzon@email.com,https://robohash.org/autemquisquamenim.png?size=300x300&set=set1,Male,+20 (759) 196-8590 x85350,230303935,,Forward Manufacturing Engineer,Proactive,Kemmerchester,Little Pass,8710 Breitenberg Passage,58115-7069,Florida,United States,-3.779443924632295E+01,1.1955423347307635E+02,Bronze,Blocked,Bitcoins,Monthly
9502,0,N09dQJ835P,Laraine,Orn,laraine.orn,laraine.orn@email.com,https://robohash.org/perspiciatisdelenitidolorem.png?size=300x300&set=set1,Female,+355 860-920-4827 x36807,670710813,,Senior Legal Specialist,Technical savvy,Wuckertland,Tyson Trace,674 Roob Radial,59883-5784,Idaho,United States,5.475697948988636E+01,-3.050396480830264E+01,Bronze,Active,Apple Pay,Payment in advance
6188,0,dwO8bmR1sH,Lemuel,Labadie,lemuel.labadie,lemuel.labadie@email.com,https://robohash.org/possimusconsequaturperferendis.png?size=300x300&set=set1,Male,+355 1-687-255-2154 x938,231774712,,Principal Director,Fast learner,Kubborough,Carroll Vista,54646 Russel Land,59890,Massachusetts,United States,1.71702734799442E+01,-1.902990534063207E+00,Standard,Pending,Cheque,Full subscription
1458,0,yA9VQkOXWN,Darryl,Nikolaus,darryl.nikolaus,darryl.nikolaus@email.com,https://robohash.org/ipsamsintnecessitatibus.png?size=300x300&set=set1,Male,+389 (489) 171-7784,537192122,,Lead Consulting Specialist,Communication,Reynoldshaven,Hirthe Spurs,69608 Roseann Circles,76784-5086,Texas,United States,7.862290202673395E+01,6.432043183820346E+01,Standard,Pending,Cheque,Monthly
6199,0,ZrI0tRbXdM,Marietta,Schuster,marietta.schuster,marietta.schuster@email.com,https://robohash.org/similiquenumquamsit.png?size=300x300&set=set1,Female,+506 391-119-5094 x62116,533096145,,Banking Officer,Proactive,North Yesseniashire,Purdy Pines,854 Maryann Centers,20260,New Mexico,United States,-8.91888907962664E+01,-7.623296621651573E+01,Premium,Idle,Debit card,Monthly
7150,0,LpnIDGC7P3,Althea,Wisozk,althea.wisozk,althea.wisozk@email.com,https://robohash.org/eaqueeumvoluptatem.png?size=300x300&set=set1,Female,+594 319.729.1808 x9291,230489627,,Marketing Supervisor,Technical savvy,Lake Eladia,Adam Spurs,1237 Hilpert Parks,11881-8150,West Virginia,United States,3.621869154631811E+01,-1.6514069881331562E+02,Gold,Blocked,Alipay,Full subscription
5411,0,F6NJT5hrvM,Ma,Renner,ma.renner,ma.renner@email.com,https://robohash.org/velitaqueenim.png?size=300x300&set=set1,Female,+81 1-363-363-7648,792394017,,Dynamic Community-Services Analyst,Proactive,Skileschester,Donella Common,5284 Nicolas Island,65561-5445,Vermont,United States,6.527682499385133E+01,1.454225815248613E+02,Starter,Pending,WeChat Pay,Annual
2676,0,Q7CAfyHFB5,Melynda,Weimann,melynda.weimann,melynda.weimann@email.com,https://robohash.org/ullamrecusandaeatque.png?size=300x300&set=set1,Female,+370 (287) 681-4029,343511077,,Internal Administration Representative,Networking skills,East Leo,Moore Light,923 Effertz Hill,90042-2009,New Hampshire,United States,5.7341597313003575E+01,4.7059167614263686E+01,Starter,Active,Cash,Monthly
388,0,aDChVqoycz,Valentine,Towne,valentine.towne,valentine.towne@email.com,https://robohash.org/rerumindolores.png?size=300x300&set=set1,Female,+886 466.156.4181 x8724,175965870,,Investor Representative,Technical savvy,New Jc,Willy Loaf,390 Mirella Rapid,44954-6047,Hawaii,United St